Director,Genre,Runtime,title,Screenwriter,Production Co,Original Language,Release Date (Streaming),Producer,Distributor,Rating,Release Date (Theaters),Rerelease Date (Theaters),Box Office (Gross USA),Sound Mix,Aspect Ratio,Release Date (DVD),Creator
John Njama,Drama,1h 40m,A Little White Lie,,,,,,,,,,,,,,
Chris Baugh,"Comedy,Horror",1h 30m,Boys from County Hell,"Chris Baugh,Brendan Mullin","Blinder Films,Endeavor Content,Six Mile Hill Productions",British English,"Apr 22, 2021",,,,,,,,,,
Bobby Roth,Romance,1h 40m,Game of Love,,,English,,,,,,,,,,,
Paul Stein,Romance,1h 38m,Mimi,,,English,,,,,,,,,,,
Swab,"Crime,Drama,Comedy",1h 27m,One Day as a Lion,Scott Caan,"Roxwell Films,Universal Studios,Three Point Capital",English,"Apr 7, 2023",Jeremy M. Rosen,Lionsgate,R (Sexual References|Pervasive Language|Some Violence),"Apr 4, 2023, Limited",,,,,,
Nacho Cerdà,"Horror,Mystery & Thriller",1h 46m,The Abandoned,"Karim Hussain,Nacho Cerdà,Richard Stanley",Castelao Producciones S.A.,English,"Jul 19, 2009",Alexander Metodiev,,R (Some Disturbing Images|Nudity|Language|Violence/Gore),,"Feb 23, 2007",$1.3M,Dolby SRD,Flat (1.85:1),,
Stephen Kessler,Comedy,1h 35m,The Independent,"Stephen Kessler,Mike Wilkins",United Lotus Group,English,,Mike Wilkins,"Arrow Entertainment,New City Releasing [us],Arrow Releasing Inc.",R (Language|Some Violence|Sexuality),"Nov 30, 2001, Wide",,$238.4K,Dolby Stereo,,"Feb 12, 2008",
"Jeff Malmberg,Morgan Neville","Drama,Biography,Documentary,Sports",1h 33m,The Saint of Second Chances,,Tremolo Productions,English,"Sep 19, 2023","Jon Berg,Danny Breen,Morgan Neville",Netflix,,,,,,,,
Charles Evered,Mystery & Thriller,1h 25m,A Thousand Cuts,"Charles Evered,Marty James,Eric Barr,Robin U. Russin","Kim and Jim Productions,WonderStar Productions",English,"Sep 1, 2016","Audrey Loggia,Alethea Root,Kim Waltrip",,,,,,,,,
,"Kids & Family,Adventure,Animation",1h 10m,Black Beauty,,,English,,,,,,,,,,,
Catherine Cyran,"Mystery & Thriller,Adventure",1h 36m,Dangerous Waters,Catherine Cyran,,English,,Mike Elliott,,TV-PG,,,,,,,
Tyler Taormina,Comedy,1h 25m,Ham on Rye,"Tyler Taormina,Eric Berger","Tago Clearing Film Studio,Omnes Films",English,"Jan 11, 2021","Michael Basta,David Croley Broyles,David Entin,Sergio Uguet De Resayre",Factory 25,,"Oct 23, 2020, Limited",,,,,,
Devereux Milburn,"Horror,Mystery & Thriller",1h 46m,Honeydew,"Devereux Milburn,Dan Kennedy","Little Sky Film,Rubber Road Productions",English,"Apr 13, 2021","Dan Kennedy,Alan Pierson",Dark Star Pictures,,"Mar 12, 2021, Limited",,,,Scope (2.35:1),,
Dean Israelite,Drama,1h 39m,Little Wing,John Gatins,Awesomeness Films,English,"Mar 13, 2024","Naomi Despres,John Gatins",Paramount+,PG-13 (Thematic Elements|Brief Strong Language|Suicide|Suggestive Material),,,,Dolby Digital,Digital 2.39:1,,
Miranda de Pencier,Drama,1h 44m,The Grizzlies,"Moira Walley-Beckett,Graham Yost",,Inuktitut,"May 22, 2020","Alethea Arnaquq-Baril,Damon D'Oliveira,Miranda de Pencier,Zanne Devine,Stacey Aglok MacDonald",,R (Language|Some Drug/Alcohol Use),,,,,,,
John Turturro,"Action,Adventure",1h 25m,The Jesus Rolls,John Turturro,Sidney Kimmel Entertainment,English,"Mar 6, 2020","Sidney Kimmel,John Penotti,Robert Salerno,Fernando Sulichin",Screen Media,R (Language Throughout|Brief Nudity|Strong Sexual Content),"Feb 28, 2020, Limited",,,,,,
Tim Sutton,Western,1h 38m,The Last Son,Greg Johnson,"VMI Worldwide,Blind Wink,Renegade Entertainment,DECAL",English,"Dec 10, 2021","Steven Luke,Todd Lundbohm,Jib Polhemus,Andre Relis,Gore Verbinski",VMI Worldwide,R (Nudity|Language|Some Sexual Content|Violence Throughout),"Dec 10, 2021, Limited",,,,,,
Shawney Cohen,Documentary,1h 18m,The Manor,,,English,"Mar 22, 2016",Paul Scherzer,,,,,,,,,
Matt Drummond,"Kids & Family,Fantasy,Adventure",1h 38m,The Secret Kingdom,Matt Drummond,Little Monster Productions,English,"Jun 9, 2023","Matt Drummond,Megan Drummond",Saban Films,PG (Thematic Elements|Action/Peril),"Jun 9, 2023, Limited",,,,,,
Marc Meyers,"Horror,Mystery & Thriller",1h 23m,We Summon the Darkness,Alan Trezza,"Nightshade Entertainment,Magna Entertainment,Litecoin Foundation,Iconic Media One",English,"Apr 10, 2020","Christian Armogida,James Harris,Robert Jones",,R (Sexual References|Pervasive Language|Bloody Violence|Some Drug Use),,,$60.8K,,,,
Kyōhei Ishiguro,"Romance,Anime",1h 27m,Words Bubble Up Like Soda Pop,Dai Sato,"Sublimation,Signal MD",Japanese,"Jul 22, 2021",,,,,,,,,,
Christine Angot,Documentary,1h 22m,A Family,Christine Angot,,French,,"Bertrand Faivre,Alice Girard",,,,,,,,,
Matt Peters,"Action,Adventure,Animation",1h 20m,Batman and Superman: Battle of the Super Sons,Jeremy Adams,Warner Bros. Animation,English,"Oct 18, 2022",James Krieg,,,,,,,,,
Kim Yong-Hun,"Mystery & Thriller,Crime,Drama",1h 49m,Beasts Clawing at Straws,Kim Yong-Hun,Megabox Plus M,Korean,"Dec 15, 2020","Jang Won-seok,Choi Woo-sik",Artsploitation Films,,"Oct 21, 2020, Limited",,,,,,
Brent Christy,"Crime,Drama,Mystery & Thriller",1h 27m,Blue Ridge,"Caleb G. Brown,Shea Sizemore","INSP Films,Sydney Productions",English,"Aug 14, 2020","Gary Wheeler,Jason White",,PG-13,,,,,,,
Eric Williford,"Horror,Mystery & Thriller",1h 25m,Cold Blows The Wind,Eric Williford,Blame the Dog Productions,English,"Jul 2, 2024","Victoria Vertuga,Eric Williford",Lion Heart Distribution,,,,,,,,
Lady Gaga,"Music,Documentary",1h 58m,Gaga Chromatica Ball,,,English,"May 25, 2024",Lady Gaga,HBO,,,,,,,,Lady Gaga
Chase Palmer,"Action,Mystery & Thriller,Drama",1h 33m,Naked Singularity,Chase Palmer,"Wolf Films,3311 Productions,Scott Free Productions,Anton",English,"Aug 13, 2021","P. Jennifer Dana,Tony Ganz,Ross Jacobson,Ryan Stowell,Kevin J. Walsh",Screen Media,R (Language Throughout|Drug Use|Sexual References|Some Violence),"Aug 6, 2021, Limited",,$3.0K,,Flat (1.85:1),,
Miguel Puga,"Kids & Family,Comedy,Animation",1h 25m,The Casagrandes Movie,Lalo Alcaraz,"Bobbypills,Nickelodeon Movies,Mercury Filmworks",English,"Mar 22, 2024",April Lawrence,Netflix,,,,,,,,
Daniel Sandu,Drama,1h 48m,The Father Who Moves Mountains,Daniel Sandu,"Mobra Films,Film i Väst,Mindset Productions ,Filmgate Films",Romanian,"Sep 17, 2021",Cristian Mungiu,,,,,,,,,
Patrick Imbert,"Adventure,Drama,Animation",1h 30m,The Summit of the Gods,"Patrick Imbert,Magali Pouzol,Jean-Charles Ostoréro","France 3 Cinéma,Julianne Films,Mélusine Productions,Folivari,Auvergne Rhône-Alpes Cinéma",French (France),"Nov 30, 2021","Damien Brunner,Didier Brunner,Jean-Charles Ostoréro,Stéphan Roelants",Netflix,PG (Some Language|Smoking|Peril|Thematic Content|Unsettling Images),"Nov 24, 2021, Limited",,,Dolby Digital,,,
Nick Davis,Sci-Fi,1h 40m,The Survivor,"Chuck Konzelman,Cary Solomon","Interlight Pictures2,Puerto Rico Investors Tax Credit Film Fund,Interlight",English,"Sep 2, 2019",,,,,,,,,,
Andy Warhol,,,The Velvet Underground,,,,,,,,,,,,,,
Elisa Amoruso,"Drama,Romance",1h 20m,Time Is Up,"Elisa Amoruso,Patrizia Fiorellini,Lorenzo Ura,Elisa Amoruso,Lorenzo Ura,Patrizia Fiorellini","Leone Film,RAI Cinema,Lotus Production",Italian,"Sep 24, 2021",Marco Belardi,Vertical Entertainment,,"Sep 9, 2021, Limited",,,,,,
Chen Kaige,Drama,1h 58m,Together,"Chen Kaige,Xiao Lu Xue","21 Century Shengkai Film,China Film Group Corp.",Chinese,,"Chen Kaige,Bolun Li,Xiaoming Yan,Buting Yang",United Artists,PG (Thematic Elements|Mild Language),"May 30, 2003, Wide",,$1.1M,"Dolby Stereo,Dolby Digital,Dolby A,Surround,Dolby SR",Flat (1.85:1),"Nov 18, 2003",
Juanita Wilson,"Drama,Mystery & Thriller",1h 52m,Tomato Red: Blood Money,Juanita Wilson,"Metropolitan Films International,Alpha-Omega Productions,Scythia Films",English,"Jan 16, 2021","Daniel Bekerman,James Flynn,Elizabeth Gill",,,,,$4.2K,,,,
Matthew Gentile,"Crime,Drama,Mystery & Thriller",1h 44m,American Murderer,Matthew Gentile,"Universal Pictures,Traveling Picture Show Company (TPSC),Productivity Media,Gigi Films",English,"Oct 28, 2022","Kara Baker,Carissa Buffel,Kevin Matusow,Gia Walsh",Saban Films,R (Pervasive Language|Drug Use|Some Sexual Content/Nudity|Violence),"Oct 21, 2022, Limited",,,,,,
Ivy Meeropol,Documentary,1h 37m,Bully. Coward. Victim. The Story of Roy Cohn,,"HBO Documentary Films,Motto Pictures",English,"Jun 19, 2020","Christopher Clements,Julie Goldman,Carolyn Hepburn,Ivy Meeropol",,,,,,,,,
Fred Olen Ray,"Holiday,Comedy,Fantasy",1h 30m,Dear Santa,Hamilton Underwood,,English,,Andrew Stevens,,G,,,,,,,
Stephen Herek,"Kids & Family,Drama",1h 34m,Dog Gone,Nick Santora,Story Ink,English,"Jan 13, 2023","Nick Santora,Jeremy Kipp Walker",,TV-PG (Fear|Mild Themes),,,,,,,
Ashley Eakin,Drama,13m,Forgive Us Our Trespasses,"Ashley Eakin,Shawn Lovering",Bitter Boy Productions Ltd.,English,"Feb 17, 2022",Aaron Barnett,,,,,,,,,
Joe May,Comedy,1h 1m,Hit the Road,"Robert Lee Johnson,Brenda Weisberg",Universal Pictures,English,,,,,,,,,,,
Patty Jenkins,"Biography,Crime,Drama,LGBTQ+",1h 49m,Monster,Patty Jenkins,"K/W Productions,MDP Worldwide,Denver and Delilah Productions,DEJ Productions,Zodiac Productions Inc.",English,"Apr 16, 2015","Mark Damon,Clark Peterson,Charlize Theron,Donald Kushner,Brad Wyman",Newmarket Film Group,R,"Jan 30, 2004, Wide",,$34.5M,"Dolby SR,DTS,Surround",Flat (1.85:1),,
John Ridley,"Sci-Fi,Romance",1h 51m,Needle in a Timestack,John Ridley,"Lionsgate,Montana North Media,BRON Studios,Ember20,Creative Wealth Media Finance,Thwaites Films",English,"Oct 15, 2021","Zanne Devine,Aaron L. Gilbert,Matt Kennedy,David Thwaites",Lionsgate,R (Some Language),"Oct 15, 2021, Wide",,,,,,
Hiroyuki Imaishi,"Adventure,Sci-Fi,Anime",1h 51m,Promare,"Kazuki Nakashima,Shigeto Koyama","Sanzigen Animation Studio,Xflag,Studio Trigger",Japanese,"Apr 19, 2020",,GKIDS,PG-13 (Some Violence and Language),"Sep 20, 2019, Limited",,$2.3M,,,,
Devanny Pinn,"Crime,Drama,Mystery & Thriller",1h 22m,The Black Mass,"Eric Pereira,Brandon Slagle","WendBrook Brothers,Jaguar Motion Pictures,Roman Media,Nitro Maximus",English,"Feb 27, 2024","Devanny Pinn,Michelle Romano",Cleopatra Entertainment,,"Feb 23, 2024, Limited",,,,,,
Jon Amiel,Drama,1h 25m,The Silent Twins,,,English,,,,,,,,,,,
Amjad Abu Alala,Drama,1h 43m,You Will Die at Twenty,Amjad Abu Alala,"Film-Clinic,Doha Film Institute,DUOfilm,Station Films,Transit Films,Canal+ International,Sunny Land Film,Andolfi,Die Gesellschaft DGS,CNC Aide aux cinémas du monde - Institut Français,Duo Films",Arabic,"Mar 25, 2021","Arnaud Dommerc,Michael Henrichs,Ingrid Lill Høgtun",Film Movement,,"Jan 22, 2021, Limited",,,,,,
Charles Dorfman,"Mystery & Thriller,Horror",1h 29m,Barbarians,Charles Dorfman,"Buckland,Samuel Marshall Productions,Media Finance Capital",British English,"Apr 1, 2022","Laurie Cook,Charles Dorfman,Jason Newmark",IFC Midnight,,"Apr 1, 2022, Limited",,$10.5K,,,,
Mike Judge,"Comedy,Sci-Fi,Adventure,Animation",1h 26m,Beavis and Butt-Head Do the Universe,Mike Judge,"MTV Entertainment Studios,Titmouse, Inc.",English,"Jun 23, 2022",Mike Judge,,,,,,,,,
Mike Yonts,"Crime,Romance",1h 30m,"Extraction, USA","Mike Yonts,Peter Matsoukas",,English,"Nov 1, 2024",Leanne Johnson,Indie Rights,,,,,,,,
Minhal Baig,"Drama,Romance",1h 34m,Hala,Minhal Baig,"Overbrook Entertainment,Endeavor Content,3 Arts Entertainment",English,"Jan 8, 2020","Minhal Baig,Clarence Hammond,James Lassiter,Jamal M. Watson","Apple,Greenwich Entertainment",R (A Scene of Sexuality),"Nov 22, 2019, Limited",,,,,,
Sara Friedman,"Romance,Comedy",1h 38m,Heightened,Sara Friedman,"Cut 4 Productions,Tilted Windmill Productions,East Shore Arts",English,"Oct 1, 2024",John Hermann,Freestyle Digital Media,,,,,,,,
Adamma Ebo,"Comedy,Drama",1h 42m,Honk for Jesus. Save Your Soul.,Adamma Ebo,"Universal Studios,Pinky Promise,Ejime Productions,59%,Newhouse",English,"Sep 2, 2022","Adamma Ebo,Adanne Ebo,Daniel Kaluuya,Rowan Riley,Amandla Crichlow,Kara Durrett,Jessamine Burgum,Matthew Cooper,Regina Hall,Sterling K. Brown",Focus Features,R (Some Sexual Content|Language),"Sep 2, 2022, Wide",,$2.4M,,,,
Brendan Rudnicki,Horror,1h 13m,Shadows of Bigfoot,"Brendan Rudnicki,Kellan Rudnicki,Andrew Thomas",DBS Films,English,"Sep 1, 2024",,Indie Rights,,,,,,,,
John Crockett,Horror,1h 21m,She Walks the Woods,John Crockett,"Blood Brothers Productions,Indie Rights,AEC Studios,AEC,Cult Classic Horror",English,"Aug 7, 2020","John Crockett,Curt Acklam,Brian McCulley,Jarin Rossiter,Aristotle Washburn,Bobby Williams",,,,,,,,,
Anthony Waller,"Horror,Fantasy",1h 45m,The Piper,"Duncan Kennedy,Anthony Waller,Duncan Kennedy,Anthony Waller",Cometstone Pictures,English,"Nov 12, 2024","Aija Berzina,Anthony Waller,Gleb Fetisov,Alexander Buchman",Freestyle Digital Media,,,,,,,,
Le-Van Kiet,"Mystery & Thriller,Adventure",1h 29m,The Requin,Le-Van Kiet,"Film Bridge International,Paper Street Pictures",English,"Jan 28, 2022","Cameron Burns,Jordan Dykstra,Aaron B. Koontz,Todd Lundbohm,Ashleigh Snead,Ellen S. Wander",Saban Films,R (Some Grisly Images|Language),"Jan 28, 2022, Limited",,,,,,
Ari Kruger,"Comedy,Crime",1h 44m,The Shakedown,"Ari Kruger,Daniel Zimbler",Sketchbook Studios,English,"Aug 8, 2024",Sune Wolmarans,Prime Video,,,,,,,,
Nancy Schwartzman,"Documentary,Crime",1h 30m,Victim/Suspect,,"Center for Investigative Reporting Studios,Motto Pictures",English,"May 23, 2023","Christopher Clements,Rachel De Leon,Julie Goldman,Alice Henty,Amanda Pike,Nancy Schwartzman",Netflix,R (Some Language),"May 23, 2023, Limited",,,,,,
Nick Bain,"Horror,Mystery & Thriller",1h 30m,Voice of Shadows,Nick Bain,,English,"Sep 17, 2024","Guillermo Blanco,Martin Harris,Jamie Roberts",Scatena & Rosner Films	,,,,,,,,
Jim O'Hanlon,"Holiday,Romance,Comedy",1h 35m,Your Christmas or Mine?,Tom Parry,Shiny Button Productions,British English,"Dec 2, 2022",,,,,,,,,,
"Jon Binkowski,Lisa Enos Smith","Holiday,Comedy",1h 38m,A Christmas Karen,Jon Binkowski,Renaissance Entertainment (II),English,"Nov 18, 2022","Gary Dean,Ben Kupfer,Alexa Timon,Lauren O'Quinn,Brian Kivlen,Jon Binkowski",,,,,,,,,
Ryan Lacen,Drama,1h 50m,All the World Is Sleeping,Ryan Lacen,Normal Films,English,"Mar 17, 2023","Anthony Baldino,Sonja Mereu,Ian Simon",Gravitas Ventures,,"Mar 17, 2023, Limited",,,,Scope (2.35:1),,
Michael Pearce,"Mystery & Thriller,Horror,Romance",1h 47m,Beast,Michael Pearce,"Les Films Séville,Roadside Attractions,BFI Film Fund,British Film Institute,Film4,Entertainment One",British English,"Aug 21, 2018","Kristian Brodie,Lauren Dark,Ivana Mackinnon","Roadside Attractions,30West",R (Language|Disturbing Violent Content|Some Sexuality),"May 11, 2018, Limited",,$793.4K,Dolby Digital,Scope (2.35:1),,
Edward Drake,"Holiday,Action,Mystery & Thriller",1h 45m,Detective Knight: Rogue,Edward Drake,"BondIt Media Capital,Lionsgate,Buffalo 8 Productions",English,"Oct 21, 2022",Corey Large,Lionsgate,R (Violence|Some Drug Use|Pervasive Language),"Oct 21, 2022, Limited",,,Dolby Digital,,,
Roberto Rossellini,Drama,1h 24m,Fear,,Aniene Film,German,,,,,,,,,,,
John Swab,"Crime,Drama,Mystery & Thriller",1h 51m,Ida Red,John Swab,"BondIt Media Capital,Roxwell Films",English,"Nov 5, 2021","Robert Ogden Barnum,Jeremy M. Rosen,John Swab",Saban Films,R (Strong Violence|Some Sexual Content|Language Throughout),"Nov 5, 2021, Limited",,,,,,
Shinsuke Sato,"Action,Adventure,War",2h 14m,Kingdom,"Tsutomu Kuroiwa,Shinsuke Sato","Columbia Pictures,Sony Pictures Entertainment",Japanese,"Jan 21, 2020",,Funimation,R (Violence),"Aug 16, 2019, Limited",,,,,,
Kyra Elise Gardner,"Documentary,Horror",1h 40m,Living with Chucky,Kyra Elise Gardner,Chucky Documentary,English,"Apr 4, 2023",Jason Strickland,Cinedigm,,,,,,,,
Ryan White,"Biography,Documentary",1h 52m,"Pamela, a Love Story",,,English,"Jan 31, 2023","Jessica Hargrave,Julia Nottingham,Brandon Thomas Lee",Netflix,TV-MA,"Jan 31, 2023, Limited",,,,,,
Lina Plioplyte,Documentary,1h 35m,Periodical,,XTR,English,"Nov 19, 2023",Pegah Farahmand,MSNBC Films,,"Oct 11, 2023, Limited",,,,,,
Anvita Dutt,Drama,1h 59m,Qala,Anvita Dutt,"Clean Slate Films,Netflix",Hindi,"Dec 1, 2022","Anushka Sharma,Karnesh Sharma",,,,,,,,,
"Alejandro Brugués,Mike Mendez,Demián Rugna,Eduardo Sánchez,Gigi Saul Guerrero",Horror,1h 45m,Satanic Hispanics,"Alejandro Méndez,Demián Rugna,Lino K. Villa,Pete Barnstrom",Epic Pictures,English,"Nov 14, 2023","Alejandro Brugués,Mike Mendez,Patrick Ewald",Iconic Events,R (Bloody Violence and Gore|Some Sexual Material|Language Throughout),"Sep 14, 2023, Limited",,,,,,
Andy Goddard,"History,Drama,Mystery & Thriller",1h 42m,Six Minutes to Midnight,"Andy Goddard,Suzy Eddie Izzard,Celyn Jones","Mad As Birds,West Madison Entertainment ",British English,"Mar 26, 2021","Andy Evans,Sean Marley,Ade Shannon,Sarah Townsend",IFC Films,PG-13 (Some Violence),"Mar 26, 2021, Limited",,$132.5K,,Scope (2.35:1),,
Tony Krantz,"Horror,Mystery & Thriller",1h 53m,Sublime,Erik Jendresen,Warner Home Video,English,"Nov 19, 2016",,,R (Sexuality|Language|Disturbing Violent Content),,,,,,,
"Andrea Nix,Sean Fine",Documentary,1h 46m,The Sixth,Andrea Nix,"Change Content,A24",English,"May 3, 2024","Andrea Nix,Sean Fine",A24,,"Apr 24, 2024, Limited",,,,,,
Jimmy T. Murakami,"Drama,Animation",1h 25m,When the Wind Blows,Raymond Briggs,"TVC London,Film Four International,British Screen Productions,Meltdown Productions,Penguin Books",English,"Jul 12, 2020",John Coates,,,,,,Surround,,,
Ivy Meeropol,Documentary,1h 28m,After the Bite,,"HBO Documentary Films,Reversal Films Inc.",English,"Jul 26, 2023","Johnny Fego,Ivy Meeropol,Xan Parker",HBO,,,,,,,,
James Marsh,"Biography,Drama",1h 40m,Dance First,Neil Forsyth,"Sky Arts,2LE Media,Proton Cinema,Film Constellation,Umedia",English,"Aug 16, 2024","Michael Livingstone,Tom Thostrup,Viktória Petrányi",Magnolia Pictures,,"Aug 9, 2024, Limited",,$24.7K,,,,
Erik Griffin,"Comedy,Stand-Up",54m,Matt Rife: Lucid - A Crowd Work Special,Matt Rife,,English,"Aug 13, 2024",,Netflix,,,,,,,,
Takashi Otsuka,"Fantasy,Anime,Adventure",1h 40m,One Piece: Stampede,"Eiichiro Oda,Takashi Otsuka",,Japanese,"Mar 3, 2020",,,,,,,,,,Eiichiro Oda
Mahesh Bhatt,Drama,2h 31m,Sir,,Vishesh Films,root,"Jul 29, 2017",,,,,,,,,,
Danny Wolf,Documentary,2h 10m,Skin: A History of Nudity in the Movies,,,English,"Aug 18, 2020",,,,,,,,,,
Roger Spottiswoode,Drama,1h 26m,The Beach House,Maria Nation,Hallmark Channel,English,"Aug 7, 2018","Ron French,Stephen Harmaty",,TV-G,"Apr 28, 2018, Limited",,,,,,
Thomas Cooper,Drama,1h 29m,The Dawn,"Thomas Cooper,Donal O'Cahill,D.A. Moriarty",,English,,Thomas Cooper,,,,,,,,,
Kyle Myhre,Mystery & Thriller,1h 20m,Zoey 102,,"ITN Distribution,KPM Independent Picture",English,"Feb 1, 2020",,,,,,,,,,
D.W. Waterson,"Drama,Sports",1h 32m,Backspot,Joanne Sarazen,"Téléfilm Canada,Crave,Night Is Y,Pageboy Productions,Prospero Pictures,Ontario Creates",English,"May 31, 2024","Alona Metzer,D.W. Waterson,Devery Jacobs,Martin Katz",XYZ Films,,"May 31, 2024, Limited",,,,,,
Don McBrearty,"Holiday,Romance",1h 30m,Christmas at the Drive-In,,"Hideaway Pictures,Brad Krevoy Television,Motion Picture Corporation of America",English,"Nov 29, 2022",,,TV-PG,,,,,,,
Erik Bloomquist,"Horror,Mystery & Thriller,Comedy",1h 46m,Founders Day,"Erik Bloomquist,Carson Bloomquist",Mainframe Pictures,English,"May 7, 2024","Erik Bloomquist,Carson Bloomquist,Adam Weppler",Dark Sky Films,R (Language|Strong Bloody Violence|Some Sexual References),"Jan 19, 2024, Wide",,,,Digital 2.39:1,,
Mark Steven Johnson,"Romance,Comedy",1h 55m,Love in the Villa,Mark Steven Johnson,"Off Camera Entertainment,Grumpy Entertainment",English,"Sep 1, 2022","Stephanie Slack,Margret H. Huddleston,Mark Steven Johnson",,,,,,Dolby Digital,,,
Daston Kalili,Documentary,1h 11m,Master,,,Chinese,"Oct 27, 2018",,Cinema Libre Studio,,"Oct 23, 2018, Limited",,,,,,
T.J. Scott,Mystery & Thriller,1h 36m,Mayday,"T.J. Scott,Kevin Lund",,English,,Judy Cairo,,TV-PG,,,,,,,
"Kouji Morimoto,Katsuhiro Ohtomo,Tensai Okamura,Yoshiaki Kawajiri","Fantasy,Anime",1h 53m,Memories,"Satoshi Kon,Katsuhiro Ohtomo",Bandai Visual Co. Ltd.,Japanese,"Sep 5, 2020","Makoto Yamashina,Shigeru Watanabe,Shoji Yagigaya,Teruo Miyahara,Atsushi Sugita,Fumio Sameshima",,PG-13,,,,Surround,,,
Jack Bond,Drama,1h 33m,Separation,Jane Arden,,English,,Jack Bond,,,,,,,,,
"Cara Mones,Caroline Suh",Documentary,1h 30m,Sorry/Not Sorry,,"Left/Right,The New York Times",English,"Jul 12, 2024","Caroline Suh,Cara Mones,Kathleen Lingo",Greenwich Entertainment,,"Jul 12, 2024, Limited",,,,,,
Mercedes Bryce Morgan,Horror,1h 34m,Spoonful of Sugar,Leah Saint Marie,Vanishing Angle,English,"Mar 2, 2023","Katrina Kudlick,Natalie Metzger,Matt Miller",Shudder,,,,,,,,
Fatih Akin,"Crime,Drama,Horror",1h 55m,The Golden Glove,"Fatih Akin,Heinz Strunk","Bombero International,Pathé,Warner Bros. Film Productions Germany",German,"Jan 14, 2020","Fatih Akin,Nurhan Sekerci-Porst",Strand,,"Sep 27, 2019, Limited",,$6.0K,Dolby Atmos,Flat (1.85:1),,
Vince Marcello,"Romance,Comedy",1h 45m,The Kissing Booth 3,Vince Marcello,Komixx Entertainment,English,"May 11, 2018","Michele Weisler,Andrew Cole-Bulgin,Ed Glauser",,TV-14,,,,,Scope (2.35:1),,
Kit Zauhar,Drama,1h 28m,This Closeness,Kit Zauhar,Neon Heart Productions,English,"Jul 3, 2024",Ani Schroeter,Factory 25,,"Jun 7, 2024, Limited",,,,,,
Brandon Vietti,"Action,Animation,Drama",,Batman: Death in the Family,"Brandon Vietti,Louise Simonson,Walter Simonson,Tim Sheridan,J.M. DeMatteis,Ernie Altbacker",,English,"Oct 13, 2020",,,,,,,,,,
Tom Hoover,Horror,1h 49m,Chupa,Tom Hoover,,English,,Meghan Johnson Hoover,,,,,,,,,
Brian Skiba,"Action,Mystery & Thriller",1h 29m,Clear Cut,Joe Perruccio,Grindstone Entertainment Group,English,"Jul 19, 2024",Corey Large,Lionsgate,R (Some Sexual Content|Drug Content|Nudity|Language|Violence),"Jul 19, 2024, Limited",,,,,,
Mike Webster,Documentary,41m,Down the Rabbit Hole,,Spiral Pictures,British English,"Feb 5, 2021",,,,,,,,,,
Arlen Konopaki,"Holiday,Comedy,Drama",1h 33m,How to Ruin the Holidays,Kevin Gillese,"Dad's Garage TV,How To Ruin The Holidays",English,"Dec 1, 2023",Kevin Gillese,Buffalo 8,,,,,,,,
John McNaughton,"Drama,Biography",1h 57m,Lansky,David Mamet,"HBO Films,Home Box Office (HBO)",English,"Mar 13, 2017",Fred C. Caruso,,"TV-MA (L|V),R",,,,,,,
Seth Barrish,"Comedy,Stand-Up",1h 17m,Mike Birbiglia: The Old Man and The Pool,Mike Birbiglia,,English,"Nov 21, 2023",Morgan Howard,Netflix,,,,,,,,
Richard Gray,Western,2h 6m,Murder at Yellowstone City,Eric Belgau,"Renegade Entertainment,Yellow Brick Films,SkyWolf Media,f8 Films,Brigade Media Capital",English,"Jun 24, 2022","Richard Gray,Robert Menzies,Lisa Wolofsky,Kelly Frazier,Anjul Nigam,Julie Stagner",RLJE Films,,"Jun 24, 2022, Limited",,,,Scope (2.35:1),,
"Matt Danner,Justin Lovell","Kids & Family,Fantasy,Comedy,Adventure,Animation",1h 17m,Night at the Museum: Kahmunrah Rises Again,"Ray DeLaurentis,William Schifrin","Alibaba Pictures,Fox Family Films,Artistry In Sound,Atomic Cartoons,Twentieth Century Fox Animation,Walt Disney Pictures,20th Century Studios,21 Laps Entertainment,1492 Pictures",English,"Dec 9, 2022",Shawn Levy,,PG (Some Mild Rude Humor|Action/Peril),,,,"Dolby Digital,Dolby Atmos",,,
Mahamat-Saleh Haroun,Drama,1h 24m,Our Father,Mahamat-Saleh Haroun,,Canadian French,,,,,,,,Surround,,"May 17, 2005",
Ashley Gething,"Documentary,History",1h 20m,Secrets of the Neanderthals,,,English,"May 2, 2024",,Netflix,,,,,,,,
Shinji Higuchi,"Sci-Fi,Action,Drama",1h 52m,Shin Ultraman,Hideaki Anno,"Toho Company Ltd.,Cine Bazar",Japanese,"Jul 11, 2023","Hideaki Anno,Kazutoshi Wadakura,Takehiko Aoki,Tomoya Nishino",Fathom Events,,"Jan 11, 2023, Limited",,,,,,
Rodrigo Gudiño,Horror,1h 32m,The Breach,"Ian Weir,Craig Davidson",Hangar 18 Media,English,"Jul 11, 2023","Pasha Patriki,Andrew Thomas Hunt,Michael Paszt",Trinity Creative Partnership,,,,,,,,
"John Adams,Toby Poser","Drama,Horror",1h 32m,The Deeper You Dig,,Wonder Wheel Productions ,English,"Jun 3, 2020",Toby Poser,,,,,,,,,
Michael Bay,"Action,Sci-Fi",2h 16m,The Island,"Alex Kurtzman,Roberto Orci,Caspian Tredwell-Owen",DreamWorks Pictures,English,"Jun 6, 2014","Walter F. Parkes,Laurie MacDonald,Ian Bryce",DreamWorks SKG,PG-13 (Intense Sequence of Violence|Action|Language|Some Sexuality),"Jul 22, 2005, Wide",,$35.8M,"Surround,Dolby SRD,DTS,SDDS",Scope (2.35:1),,
Woodie King Jr.,Drama,1h 25m,The Long Night,Julian Mayfield,,English,,Ed Pitt,,PG,,,,,,,
Rick Jacobson,"Romance,Comedy",1h 36m,The Royal Treatment,Holly Hester,"Focus Features International,Netflix",English,"Jan 20, 2022","Ellen Marano,Laura Marano,Vanessa Marano,Chloe Smith",,,,,,Dolby Digital,,,
Jake Green,"Drama,Mystery & Thriller",11m,Torn,Jake Green,,English,,Jake Green,,,,,,,,,
Abner Pastoll,"Crime,Drama,Mystery & Thriller,Action",1h 37m,A Good Woman Is Hard to Find,Ronan Blaney,"Frakas Productions,Superbe Films,February Films",English,"May 8, 2020","Guillaume Benski,Jang Junyoung",,,,,,,,,
Sophia Nahli Allison,Documentary,19m,A Love Song for Latasha,,Netflix,English,"Sep 24, 2020","Janice Duncan,Fam Udeorji",,,,,,,,,
Amanda Gusack,"Mystery & Thriller,Crime,Drama",1h 39m,Betrayed,Amanda Gusack,Metro-Goldwyn-Mayer (MGM),English,"Jul 30, 2009",Vincent Newman,,,,,,,,,
Unknown Director,,,Boxing Day,,,,,,,,,,,,,,
Bryce Dallas Howard,Documentary,1h 27m,Dads,,"Unilever Entertainment,Imagine Documentaries,Dove Men+Care,Nine Muses Entertainment",English,"Jun 19, 2020","Ron Howard,Brian Grazer,Michael Rosenberg,Justin Wilkes,Bryce Dallas Howard,Walter Matteson",,,,,,,,,
Raj Mehta,"Comedy,Drama",2h 31m,Good Newwz,"Jyoti Kapoor,Jyoti Kapoor","Dharma Productions,Cape of Good Films",Hindi,"Mar 6, 2020","Aruna Bhatia,Akshay Kumar,Karan Johar,Apoorva Mehta,Hiroo Johar,Hetvi Karia,Shashank Khaitan",,,,,$2.5M,,,,
Fernando Trueba,"Mystery & Thriller,Romance,Drama",2h 8m,Haunted Heart,"Fernando Trueba,Rylend Grant,Rylend Grant,Fernando Trueba","Atlantika Films,Fernando Trueba Producciones Cinematográficas,Caracol TV",English,"Sep 27, 2024","Cristina Huete,Dago García",Vantage Media,,"Sep 27, 2024, Limited",,,,Scope (2.35:1),,
Renée Webster,"Comedy,Drama",1h 47m,How to Please a Woman,Renée Webster,"Feisty Dame Productions,Such Much Films",English,"Jul 29, 2022","Tania Chambers,Judi Levine",Brainstorm Media,,"Jul 22, 2022, Limited",,,,,,
Patxi Amézcua,"Drama,Mystery & Thriller",1h 36m,Infiesto,Patxi Amézcua,Vaca Films,European Spanish,"Feb 3, 2023","Borja Pena,Emma Lustres",,TV-MA,,,,,,,
"Carlos Alonso Ojea,Carlos Alonso-Ojea","Mystery & Thriller,Horror",1h 27m,Killer Book Club,"Carlos García Miranda,Carlos García Miranda",Brutal Media,Spanish,"Aug 25, 2023",Raimon Masllorens,Netflix,,,,,,,,
Ian Barry,Western,1h 31m,Outback,John Sexton,,English,,"John Sexton,Antony I. Ginnane,Samuel Goldwyn Jr.,Kent C. Lovell",,,,,,,,"Sep 4, 2007",
Michael Phillip Edwards,"Drama,Mystery & Thriller",1h 20m,Runt,Michael Phillip Edwards,"Runt Productions,Creative Entertainment & Media,Joseph A. English Productions",English,,"Michael Phillip Edwards,Francine Julius-Edwards,Dale Obert,Greg Poland",,,,,,,,,
Niall Heery,"Comedy,Drama",1h 38m,Small Engine Repair,Niall Heery,,English,,"Tristan Lynch,Dominic Wright",,,,,,,,,
Bill Teck,"Documentary,Music",2h 26m,Stevie Van Zandt: Disciple,,"HBO Documentary Films,Tones & Chords",English,"Jun 22, 2024","Bill Teck,David Fisher,Robert Cotto",Max,,,,,,,,
"Nicolas Wendl,Dani Abraham","Horror,Mystery & Thriller",1h 27m,Stupid Games,"Tanner Adams,Nicolas Wendl,Dani Abraham",,English,"Mar 22, 2024","Dani Abraham,Tanner Adams,Joseph T. Kramer,Nicolas Wendl",V Channels Media,,,,,,,,
Rodney Charles,Drama,1h 40m,The Disciple,Rodney Charles,,English,,Rodney Charles,,,"Mar 1, 2008, Original",,,,,,
Bryan Fogel,Documentary,1h 59m,The Dissident,"Bryan Fogel,Mark Monroe",Diamond Docs,Arabic,"Jan 8, 2021","Bryan Fogel,Thor Halvorssen,Mark Monroe,Jake Swantko",Briarcliff Entertainment,PG-13 (Disturbing/Violent Material),"Dec 25, 2020, Limited",,$40.0K,,,,
Edward Weston,"Crime,Drama",1h 3m,The Reckoning,"Edward Weston,Leon Lee",,English,"Mar 28, 2017",Sam Efrus,,,"Feb 15, 1932, Limited",,,,,,
Marçal Forés,"Romance,Comedy",1h 35m,Through My Window 2: Across the Sea,"Eduard Sola,Ariana Godoy",Nostromo Pictures,European Spanish,"Jun 23, 2023","Adrián Guerra,Núria Valls",Netflix,,,,,,,,
Stephen Durham,Action,1h 30m,Army of One,"Stephen Durham,Mary Ann Barnes,David Dittlinger,Ellen Hollman","2nd Nature Films,Split Point Productions,Popcorn and Soda Productions",English,"Nov 25, 2020","Mary Ann Barnes,Stephen Durham,Ellen Hollman,HemDee Kiwanuka,Aaron Norris",,,,,,,Scope (2.35:1),,
Howard Hawks,"Romance,Comedy",1h 51m,Ball of Fire,"Charles Brackett,Billy Wilder,Billy Wilder,Thomas Monroe",Samuel Goldwyn Company,English,"Jul 8, 2020",Samuel Goldwyn,"Embassy Pictures,Sultan Video,Home Box Office Home Video",,"Dec 2, 1941, Wide",,,Mono,,,
Jac Cron,"Drama,LGBTQ+",1h 27m,Chestnut,Jac Cron,"The Space Program,Neon Heart Productions",English,"Jul 2, 2024","Lizzie Shapiro,Lexi Tannenholtz",Utopia,,"Jun 21, 2024, Limited",,$7.2K,,,,
"Ben Stassen,Benjamin Mousquet","Kids & Family,Adventure,Comedy,Animation",1h 31m,Chickenhare and the Hamster of Darkness,David Collard,"Dark Horse Comics,nWave Pictures,Octopolis",English,"Jun 10, 2022","Ben Stassen,Caroline Van Iseghem,Matthieu Zeller",,,,,,,,,
Edward Drake,"Holiday,Action,Mystery & Thriller",1h 31m,Detective Knight: Independence,"Edward Drake,Corey Large","Emmett/Furla Oasis,BondIt Media Capital,Lionsgate,Buffalo 8 Productions",English,"Jan 20, 2023","Robert Dean,Corey Large",Lionsgate,R (Language Throughout|Brief Drug Use|Sexuality|Violence),"Jan 20, 2023, Limited",,,,,,
"Philippe Martinez,Mick Davis","Holiday,Comedy",1h 46m,Father Christmas Is Back,"David Conolly,Hannah Davis,Dylanne Corcoran",MSR Media,British English,"Nov 7, 2021","Philippe Martinez,Alan Latham",,PG-13 (Sexually Suggestive Material|Some Language),,,,,,,
,Horror,1h 30m,Hell Hath No Fury,,,English,"Apr 2, 2020",,,,,,,,,,
Dutch Marich,"Horror,Mystery & Thriller",1h 22m,Horror in the High Desert,Dutch Marich,"Luminol Entertainment,Maya Aerials",English,"May 2, 2021",Dutch Marich,,,,,,,,,
Rudy Poe,Sci-Fi,1h 24m,Monster High 2,"Roy Langsdon,John Platt",Lightyear Entertainment,English,"Sep 3, 2018",Eric Bernt,,R,,,,,,,
Huh Jong-ho,,,Monstrum,,,,"Nov 17, 2020",,,,,,,,,,
Hark Tsui,Action,1h 35m,Once Upon a Time in China,"Hark Tsui,Yiu Ming Leung","Golden Harvest,Film Workshop Ltd.,Paragon Films",Chinese,"Jul 16, 2020",Hark Tsui,Republic Pictures,R,"May 20, 1992, Limited",,,,,,
Katie Holmes,Drama,2h 3m,Rare Objects,"Katie Holmes,Phaedon A. Papadopoulos","Rolling Pictures,SSS Entertainment,Lafayette Pictures,IFC Productions,Yale Productions,Lucky 13 Productions",English,"Apr 14, 2023","Katie Holmes,Jordan Yale Levine,Jordan Beckerman,Jesse Korman,Shaun Sanghani,Mark Maxey",IFC Films,R (Language and Some Drug Use),"Apr 14, 2023, Limited",,$10.5K,,,,
Cédric Klapisch,"Comedy,Drama",1h 57m,Rise,"Cédric Klapisch,Santiago Amigorena","Proximus,France Télévisions,France 2 Cinéma,VOO,Canal+,Tax Shelter du Gouvernement Fédéral Belge,StudioCanal,Groupe Maziers Gestion,Investisseurs Tax Shelter ,BE TV,Ce Qui Me Meut,Panache Productions,Tax Shelter de Movie Tax Invest,Ciné+,La Compagnie Cinématographique",French (France),,Bruno Lévy,Blue Fox Entertainment,,"Jun 2, 2023, Limited",,,,Flat (1.85:1),,
Karen Maine,"Romance,Comedy",1h 37m,Rosaline,"Scott Neustadter,Michael H. Weber","21 Laps Entertainment,20th Century Fox,Universal Pictures,Cattleya",English,"Oct 14, 2022","Dan Cohen,Shawn Levy,Dan Levine",,PG-13,,,,,,,
Mark Greenstreet,Mystery & Thriller,2h 35m,Silent Hours,Mark Greenstreet,Gallery Pictures,British English,"Oct 8, 2021",,Gravitas Ventures,,"Oct 8, 2021, Limited",,,,,,
Kyra Sedgwick,"Romance,Comedy,Sci-Fi,Drama",1h 32m,Space Oddity,Rebecca Banner,"Unique Features,Big Swing Productions,The Arlook Group,Rolling Pictures",English,"Mar 31, 2023","Valerie Stadler,Kyra Sedgwick,Meredith Bagby,Richard Arlook,Jack Greenbaum,Mark Maxey,Mickey Schiff",Samuel Goldwyn Films,PG-13 (Thematic Elements|Suggestive Material|Some Strong Language),"Mar 31, 2023, Limited",,,,,,
Lina Roessler,"Comedy,Drama",1h 40m,Best Sellers,Anthony Grieco,"Item 7,Wishing Tree Productions",English,"Sep 17, 2021","Cassian Elwes,Arielle Elwes,Jonathan Vanger,Wayne Marc Godfrey,Pierre Even",Screen Media Films,,"Sep 17, 2021, Limited",,,,,,
Afonso Poyart,"Sci-Fi,Adventure,Action",1h 50m,Bionic,Josefina Trotta,,Brazilian Portuguese,"May 29, 2024",,Netflix,,,,,,,,
Jerry Ciccoritti,Drama,1h 30m,Blood,"Jerry Ciccoritti,Tom Walmsley",Columbia,English,,,,,,,,,,"Jan 19, 2010",
Edwin,Mystery & Thriller,1h 51m,Borderless Fog,"Edwin,Ifan Ismail",,Indonesian,"Aug 1, 2024",,Netflix,,,,,,,,
Ricky Staub,Drama,1h 51m,Concrete Cowboy,"Ricky Staub,Dan Walser","Tucker Tooley Entertainment,Green Door Pictures,Neighborhood Film Co.,Lee Daniels Entertainment,Waxylu Films",English,"Apr 2, 2021","Lee Daniels,Idris Elba,Jennifer Madeloff,Tucker Tooley,Dan Walser,Jeff G. Waxman",,R,,,,Dolby Digital,Scope (2.35:1),,
Ryan White,Documentary,1h 45m,Good Night Oppy,"Ryan White,Helen Kearns","Film 45,Amazon Studios,Amblin Television,Amblin Entertainment,Tripod Media",English,"Nov 23, 2022","Jessica Hargrave,Darryl Frank,Justin Falvey,Brandon Carroll,Ryan White,Matthew Goldberg",Amazon Studios,PG,"Nov 4, 2022, Limited",,,,,,
Michael Lewen,"Romance,Comedy",1h 22m,"Hello, Goodbye, and Everything in Between","Ben York Jones,Amy Reed","Ace Entertainment,TriStar Productions",English,"Jul 6, 2022",Matthew Kaplan,,,,,,,,,
Yeon Sang-ho,"Sci-Fi,Action,Adventure",1h 38m,Jung_E,Yeon Sang-ho,Climax Studio,Korean,"Jan 20, 2023",Byun Seung-min,,,,,,,,,
Trish Sie,"Romance,Comedy",2h 0m,Sitting in Bars with Cake,Audrey Shulman,"Resonate Entertainment ,Amazon Studios,All Night Diner",English,"Sep 8, 2023","Susan Cartsonis,Suzanne Farwell,Nick Moceri,Brent Emery",Amazon Studios,PG-13,"Sep 8, 2023, Limited",,,,,,
Tim Sutton,"Drama,Music",1h 38m,Taurus,Tim Sutton,,English,"Nov 18, 2022","Jib Polhemus,Rob Paris,Mike Witherill",RLJE Films,,"Nov 18, 2022, Limited",,,,,,
Michael Almereyda,"Biography,History,Drama",1h 42m,Tesla,Michael Almereyda,"Intrinsic Value Films,Passage Pictures,Campbell Grobman Films,RNG Entertainment,Jeff Rice Films",English,"Aug 19, 2020","Christa Campbell,Lati Grobman,Per Melita,Isen Robbins,Uri Singer",IFC Films,PG-13 (Some Thematic Material|Nude Images),"Aug 21, 2020, Limited",,$93.0K,,,,
James Fletcher,Documentary,1h 46m,The Accidental President,,"Intervention Media.,Makemake",English,"Jan 27, 2021","James Fletcher,Eve Kornblum",Intervention Media,,"Oct 16, 2020, Limited",,,"Dolby Digital,Dolby Atmos",,,
"Dave Willis,Matt Maiellaro","Action,Adventure,Comedy,Animation",1h 15m,Aqua Teen Forever: Plantasm,"Dave Willis,Matt Maiellaro",Williams Street,English,"Nov 8, 2022","Matt Maiellaro,Dave Willis,Nick Ingkatanuwat,Danya Levine",,R (Crude Sexual Content|Some Violence|Language),,,,,,,
Stanley Donen,Mystery & Thriller,1h 45m,Arabesque,"Pierre Marton,Julian Mitchell,Stanley Price",Universal/Universal Int,English,"Oct 8, 2020",Stanley Donen,,,,,,,,,
Joachim Back,"Comedy,Drama",1h 41m,Corner Office,Ted Kupper,"Space Pilot Media,Tilt 9 Entertainment,Goldenlight Films,Anonymous Content,Just Bridge Entertainment",English,"Aug 4, 2023",,Lionsgate,,"Aug 4, 2023, Limited",,,,,,
Anna Elizabeth James,"Mystery & Thriller,Drama",1h 54m,Deadly Illusions,Anna Elizabeth James,Kiss and Tale Productions,English,"Mar 19, 2021","Shanola Hampton,Greer Grammer,Anna Elizabeth James",,R (Language|Some Bloody Violence|Sexual Content/Nudity),,,,,,,
Drake Doremus,Drama,1h 50m,"Endings, Beginnings","Drake Doremus,Jardine Libaire","CJ Entertainment,Protagonist Pictures",English,"Apr 17, 2020","Francis Chung,Drake Doremus,Robert George,Seo Jonghae",Samuel Goldwyn Films,,"May 1, 2020, Limited",,,,,,
Lukas Dhont,Drama,1h 40m,Girl,"Lukas Dhont,Angelo Tijssens","Menuet Producties,Topkapi Films,Frakas Productions",French (France),"Mar 15, 2019",Dirk Impens,,R (Graphic Nudity|Brief Disturbing Content|Some Sexual Content),,,,,,,
Kris Rey,Comedy,1h 20m,I Used to Go Here,Kris Rey,"SSS Film Capital,Party Over Here,Yale Productions,Buffalo 8 Productions,Ten Acre Films,BondIt Media Capital,SSS Entertainment",English,"Aug 7, 2020","Jordan Beckerman,Jonathan Duffy,Jordan Yale Levine,Kelly Williams",,,,,,,,,
Christopher Hutson,"Romance,Comedy",1h 30m,June,Christopher Hutson,,English,"May 22, 2017","Kay Christianson,Steve Donmyer",,,,,,,,,
,Horror,1h 21m,Memorial Day,,,English,,,,,,,,,,,
Brendon Small,"Animation,Comedy",1h 23m,Metalocalypse: Army of the Doomstar,Brendon Small,,English,"Aug 22, 2023",,Warner Bros. Home Entertainment,R,,,,,,,
Albert Hanover,Documentary,1h 13m,My Dinner with Trump,,,English,"Nov 3, 2022","Dallas Sonnier,David M. Wermus",,,,,,,,,
Jasmila Zbanic,"Drama,War",1h 42m,"Quo Vadis, Aida?",Jasmila Zbanic,"Razor Film Produktion GmbH,Radiotelevizija Bosne i Hercegovine (BHRT),Digital Cube,Tordenfilm AS,Österreichischer Rundfunk (ORF) [at],Indie Prod,Deblokada Produkcija,ZDF/Arte,Coop99 Filmproduktion,Extreme Emotions,TRT,N279 Entertainment",Bosnian,"Mar 15, 2021","Damir Ibrahimovich,Jasmila Zbanic",Super LTD,,"Mar 5, 2021, Limited",,,,,,
Laura Luchetti,"Drama,LGBTQ+",1h 51m,The Beautiful Summer,Laura Luchetti,"Ministero della Cultura (MiC),9.99 Films,Kino Produzioni,Lucky Red,Film Commission Torino-Piemonte,RAI Cinema,TapeLessFilm",Italian,"Aug 9, 2024","Giovanni Pompili,Luca Legnani",Film Movement,,,,,,,,
Lee Daniels,"History,Drama,Biography,Music",2h 10m,The United States vs. Billie Holiday,Suzan-Lori Parks,"Lee Daniels Entertainment,Roth/Kirschenbaum Films,New Slate Ventures",English,"Feb 26, 2021","Jordan Fudge,Jeff Kirschenbaum,Joe Roth,Tucker Tooley,Pamela Oas Williams",,R (Nudity|Language Throughout|Violence|Sexual Content|Some Lynching Images|Strong Drug Content),,,,Dolby Digital,Scope (2.35:1),,
BC Fourteen,"Sci-Fi,Action,Adventure,Comedy,Animation",1h 9m,Trump vs the Illuminati,BC Fourteen,Ruthless Studios,English,"Oct 27, 2020","Jason Winn 'J.B. Destiny' Bareford,Randall Finings",,,"Oct 6, 2020, Limited",,,,,,
Stuart Heisler,Action,1h 30m,Tulsa,,"Walter Wanger Productions, Inc.",English,"Aug 11, 2016",Walter Wanger,Eagle-Lion Films Inc. [us],,"May 26, 1949, Original",,,,,,
Thomas von Steinaecker,Documentary,1h 42m,Werner Herzog: Radical Dreamer,Thomas von Steinaecker,,English,"Dec 5, 2023","André Singer,Bernhard Von Hülsen,Maria Willer",Shout! Studios,,,,,,,,
"Sara Nodjoumi,Till Schauder","Documentary,Biography,Mystery & Thriller",1h 35m,A Revolution on Canvas,,"HBO Documentary Films,Partner Pictures",English,"Mar 5, 2024","Sara Nodjoumi,Till Schauder",HBO Documentary Films,,"Dec 1, 2023, Limited",,,,,,
Harley Wallen,Horror,1h 38m,Ash and Bone,Bret Miller,"Auburn Moon Productions,Cama Productions,Painted Creek Productions",English,"Oct 14, 2022","Harley Wallen,Joseph Kelbie Williamson",,,,,,,,,
Junta Yamaguchi,"Comedy,Sci-Fi",1h 10m,Beyond the Infinite Two Minutes,Makoto Ueda,,Japanese,"Jan 25, 2022","Kazuchika Yoshida,Takahiro Otsuki",,,,,,,,,
Alister Grierson,"Horror,Comedy",1h 35m,Bloody Hell,Robert Benjamin,"Eclectik Vision,Heart Sleeve Productions",English,"Jan 14, 2021","Joshua Paul,Brett Thornquest",The Horror Collective,R (Bloody Violence|Language Throughout|Gore),"Jan 14, 2021, Limited",,$26.6K,,,,
Robin Bain,"Drama,Romance,LGBTQ+",1h 37m,Girls on Film,Robin Bain,LesLin Films,English,"Nov 7, 2023",Robin Bain,Breaking Glass Pictures,,,,,,,,
"Machine Gun Kelly,Mod Sun",Comedy,1h 23m,Good Mourning,"Machine Gun Kelly,Mod Sun","Cedar Park Studios,Raven Capital Management",English,"May 20, 2022","Chris Long,Machine Gun Kelly,Jib Polhemus,Mod Sun",Open Road Films,R (Pervasive Language|Drug Use Throughout|Crude Sexual References),"May 20, 2022, Limited",,,,,,
Ilkka Järvi-Laturi,"Drama,Mystery & Thriller",1h 30m,Homebound,"Annina Enckell,Ilkka Järvi-Laturi,Outi Nyytäjä","Filminor,Filmzolfo",Finnish,,"Lasse Saarinen,Heikki Takkinen",,,,,,,,,
Erik Griffin,"Comedy,Stand-Up",1h 4m,Matt Rife: Natural Selection,,,English,"Nov 15, 2023",,Netflix,,,,,,,,
Neil Jordan,"Mystery & Thriller,Comedy",1h 44m,Mona Lisa,"Neil Jordan,David Leland",,English,"Oct 15, 2020",,Island Pictures,R,"Jun 13, 1986, Original",,$4.3M,,,,
John Irvin,"Crime,Drama",1h 48m,Next of Kin,Michael Jenning,"Warner Brothers,Lorimar Film Entertainment",English,"Jan 1, 2009","Les Alexander,Don Enright",Warner Bros. Pictures,R,"Oct 20, 1989, Original",,$15.4M,"Dolby,Surround",35mm,,
James Bamford,Mystery & Thriller,1h 29m,Shadow Land,Ian Corson,SP Media Group,English,"Jun 4, 2024",Steven Paul,Republic Pictures,R (Violence and Language),"May 31, 2024, Limited",,,,,,
,"Crime,Documentary",1h 30m,TikTok Star Murders,,"Lusid Media,G-Unit Films & Television, Inc.",English,"Jun 25, 2024",,Peacock,,,,,,,,
Harry Wootliff,"Drama,Romance",1h 42m,True Things,"Molly Davies,Harry Wootliff","Riff Raff Films,BBC Films,Lady Lazarus Productions,BFI Films,The Bureau",English,"Sep 9, 2022","Tristan Goligher,Ben Jackson,Jude Law,Ruth Wilson",Samuel Goldwyn Films,,"Sep 9, 2022, Limited",,,,,,
Hal Needham,"Western,Comedy",1h 29m,Villain,,Rastar Pictures,English,,Mort Engelberg,,PG,,,,,,"May 21, 2002",
Kenichi Maejima,,,Alice,,,,,,,,,,,,,,
Kome Kongkiat Komesiri,"Action,Crime,Drama",2h 26m,Bangkok Breaking: Heaven and Hell,,Kongkiat Production,Thai,"Sep 26, 2024","Kome Kongkiat Komesiri,Piyalak Mahathanasap",Netflix,,,,,,,,
Pulkit,"Drama,Mystery & Thriller",2h 14m,Bhakshak,"Pulkit,Jyotsana Nath",Red Chillies Entertainment,Hindi,"Feb 9, 2024","Gaurav Verma,Gauri Khan",Netflix,,,,,,,,
Cat Hostick,"Horror,Mystery & Thriller",1h 23m,Campton Manor,Stephen Wallis,"Magic Door Films,North Film Co.",English,"May 7, 2024","Russ De Jong,Michael Godfrey,Susan Ilott,Stephen Wallis",,,,,,,,,
Pankaj Parashar,Comedy,2h 35m,Chaalbaaz,"Pankaj Parashar,Kamlesh Pandey",Lakshmi Productions,Hindi,"Nov 16, 2020",Poornachandra Rao Atluri,,,,,,,,,
Jon Keeyes,"Action,Drama",1h 33m,Code Name Banshee,Matthew Rogers,"Highland Myst Films,Bee-Hive Productions,LB Entertainment,SSS Film Capital,Banshee Productions,Lucky 13 Productions,Yale Productions,BondIt Media Capital,Buffalo 8 Productions",English,"Jul 1, 2022","Jordan Yale Levine,Jordan Beckerman,Jon Keeyes,Shaun Sanghani",Screen Media Films,,"Jul 1, 2022, Limited",,,,Scope (2.35:1),,
Chris Skotchdopole,"Comedy,Drama,Mystery & Thriller",1h 43m,Crumb Catcher,Chris Skotchdopole,"Glass Eye Pix,Gigantic Pictures",English,"Aug 20, 2024","Larry Fessenden,Brian Devine,Chadd Harbold,Bonnie Timmermann,James W. Skotchdopole",Doppelgänger Releasing,,"Jul 19, 2024, Limited",,$39.0K,,,,
Katrina McPherson,Documentary,,Force of Nature,,,English,,,,,,,,,,,
Jamie Roberts,Documentary,1h 30m,Four Hours at the Capitol,,,English,"Oct 20, 2021",Dan Reed,,,,,,,,,
Puneet Khanna,"Romance,Comedy",2h 5m,Ginny Weds Sunny,,Soundarya Production,Hindi,"Oct 9, 2020",,,,,,,,,,
